alter SEQUENCE global_seq_customers RESTART WITH 100;
insert into public.customers (id, first_name, last_name)
values (1, 'Антон', 'Иванов'),
       (2, 'Николай', 'Иванов'),
       (3, 'Иван', 'Петров'),
       (4, 'Петр', 'Сидоров'),
       (5, 'Василий', 'Петров'),
       (6, 'Александр', 'Сидоров'),
       (7, 'Геннадий', 'Сидоров'),
       (8, 'Валерий', 'Иванов'),
       (9, 'Валентин', 'Петров'),
       (10, 'Юрий', 'Сидоров');


alter SEQUENCE global_seq_products RESTART WITH 100;
insert into public.products (id, product_name, product_price)
values (1, 'Хлеб', 10),
       (2, 'Молоко', 20),
       (3, 'Минеральная вода', 30),
       (4, 'Газировка', 40),
       (5, 'Колбаса', 50),
       (6, 'Ветчина', 60),
       (7, 'Банан', 70),
       (8, 'Курица', 80),
       (9, 'Баранина', 90),
       (10, 'Телятина', 100),
       (11, 'Сосиски', 110),
       (12, 'Сок', 120),
       (13, 'Печенье', 130),
       (14, 'Карамель', 140),
       (15, 'Шоколад', 150),
       (16, 'Вафли', 160),
       (17, 'Лимонад', 170),
       (18, 'Хлопья', 180),
       (19, 'Яблоко', 190),
       (20, 'Груша', 200);

alter SEQUENCE global_seq_purchases RESTART WITH 100;
insert into public.purchases(id,id_customer, id_product, quantity_purchase,date_purchase)
values (		1	,	1	,	1	,	1	,'10.01.2023'	),
       (		2	,	1	,	2	,	2	,'10.01.2023'	),
       (		3	,	2	,	3	,	3	,'10.01.2023'	),
       (		4	,	2	,	4	,	4	,'10.01.2023'	),
       (		5	,	3	,	5	,	5	,'10.01.2023'	),
       (		6	,	3	,	6	,	6	,'10.01.2023'	),
       (		7	,	4	,	7	,	7	,'10.01.2023'	),
       (		8	,	4	,	8	,	8	,'10.01.2023'	),
       (		9	,	5	,	9	,	9	,'10.01.2023'	),
       (		10	,	5	,	10	,	10	,'10.01.2023'	),
       (		11	,	6	,	11	,	1	,'10.02.2023'	),
       (		12	,	6	,	12	,	2	,'10.02.2023'	),
       (		13	,	7	,	13	,	3	,'10.02.2023'	),
       (		14	,	7	,	14	,	4	,'10.02.2023'	),
       (		15	,	8	,	15	,	5	,'10.02.2023'	),
       (		16	,	8	,	16	,	6	,'10.02.2023'	),
       (		17	,	9	,	17	,	7	,'10.02.2023'	),
       (		18	,	9	,	18	,	8	,'10.02.2023'	),
       (		19	,	10	,	19	,	9	,'10.02.2023'	),
       (		20	,	10	,	20	,	10	,'10.02.2023'	),
       (		21	,	1	,	1	,	1	,'10.03.2023'	),
       (		22	,	1	,	2	,	2	,'10.03.2023'	),
       (		23	,	2	,	3	,	3	,'10.03.2023'	),
       (		24	,	2	,	4	,	4	,'10.03.2023'	),
       (		25	,	3	,	5	,	5	,'10.03.2023'	),
       (		26	,	3	,	6	,	6	,'10.03.2023'	),
       (		27	,	4	,	7	,	7	,'10.03.2023'	),
       (		28	,	4	,	8	,	8	,'10.03.2023'	),
       (		29	,	5	,	9	,	9	,'10.03.2023'	),
       (		30	,	5	,	10	,	10	,'10.03.2023'	),
       (		31	,	6	,	11	,	1	,'04.10.2023'	),
       (		32	,	6	,	12	,	2	,'04.10.2023'	),
       (		33	,	7	,	13	,	3	,'04.10.2023'	),
       (		34	,	7	,	14	,	4	,'04.10.2023'	),
       (		35	,	8	,	15	,	5	,'04.10.2023'	),
       (		36	,	8	,	16	,	6	,'04.10.2023'	),
       (		37	,	9	,	17	,	7	,'04.10.2023'	),
       (		38	,	9	,	18	,	8	,'04.10.2023'	),
       (		39	,	10	,	19	,	9	,'04.10.2023'	),
       (		40	,	10	,	20	,	10	,'04.10.2023'	);
