alter SEQUENCE global_seq_customers RESTART WITH 100;
insert into public.customers (id, first_name, last_name)
values (1, 'Антон', 'Иванов'),
       (2, 'Николай', 'Иванов'),
       (3, 'Иван', 'Петров'),
       (4, 'Петр', 'Сидоров'),
       (5, 'Василий', 'Петров'),
       (6, 'Александр', 'Сидоров'),
       (7, 'Геннадий', 'Сидоров'),
       (8, 'Валерий', 'Иванов'),
       (9, 'Валентин', 'Петров'),
       (10, 'Юрий', 'Сидоров');


alter SEQUENCE global_seq_products RESTART WITH 100;
insert into public.products (id, product_name, product_price)
values (1, 'Хлеб', 10),
       (2, 'Молоко', 20),
       (3, 'Минеральная вода', 30),
       (4, 'Газировка', 40),
       (5, 'Колбаса', 50),
       (6, 'Ветчина', 60),
       (7, 'Банан', 70),
       (8, 'Курица', 80),
       (9, 'Баранина', 90),
       (10, 'Телятина', 100),
       (11, 'Сосиски', 110),
       (12, 'Сок', 120),
       (13, 'Печенье', 130),
       (14, 'Карамель', 140),
       (15, 'Шоколад', 150),
       (16, 'Вафли', 160),
       (17, 'Лимонад', 170),
       (18, 'Хлопья', 180),
       (19, 'Яблоко', 190),
       (20, 'Груша', 200);

alter SEQUENCE global_seq_purchases RESTART WITH 100;
insert into public.purchases(id,id_customer, id_product, quantity_purchase,date_purchase)
values
    (	1	,	1	,	1	,	1	,	'2023-10-01'	),
    (	2	,	1	,	2	,	2	,	'2023-10-01'	),
    (	3	,	2	,	3	,	3	,	'2023-10-01'	),
    (	4	,	2	,	4	,	4	,	'2023-10-01'	),
    (	5	,	3	,	5	,	5	,	'2023-10-01'	),
    (	6	,	3	,	6	,	6	,	'2023-10-01'	),
    (	7	,	4	,	7	,	7	,	'2023-10-01'	),
    (	8	,	4	,	8	,	8	,	'2023-10-01'	),
    (	9	,	5	,	9	,	9	,	'2023-10-01'	),
    (	10	,	5	,	10	,	10	,	'2023-10-01'	),
    (	11	,	6	,	11	,	1	,	'2023-10-01'	),
    (	12	,	6	,	12	,	2	,	'2023-10-01'	),
    (	13	,	7	,	13	,	3	,	'2023-10-01'	),
    (	14	,	7	,	14	,	4	,	'2023-10-01'	),
    (	15	,	8	,	15	,	5	,	'2023-10-01'	),
    (	16	,	8	,	16	,	6	,	'2023-10-01'	),
    (	17	,	9	,	17	,	7	,	'2023-10-01'	),
    (	18	,	9	,	18	,	8	,	'2023-10-01'	),
    (	19	,	10	,	19	,	9	,	'2023-10-01'	),
    (	20	,	10	,	20	,	10	,	'2023-10-01'	),
    (	21	,	1	,	1	,	1	,	'2023-10-02'	),
    (	22	,	1	,	2	,	2	,	'2023-10-02'	),
    (	23	,	2	,	3	,	3	,	'2023-10-02'	),
    (	24	,	2	,	4	,	4	,	'2023-10-02'	),
    (	25	,	3	,	5	,	5	,	'2023-10-02'	),
    (	26	,	3	,	6	,	6	,	'2023-10-02'	),
    (	27	,	4	,	7	,	7	,	'2023-10-02'	),
    (	28	,	4	,	8	,	8	,	'2023-10-02'	),
    (	29	,	5	,	9	,	9	,	'2023-10-02'	),
    (	30	,	5	,	10	,	10	,	'2023-10-02'	),
    (	31	,	6	,	11	,	1	,	'2023-10-02'	),
    (	32	,	6	,	12	,	2	,	'2023-10-02'	),
    (	33	,	7	,	13	,	3	,	'2023-10-02'	),
    (	34	,	7	,	14	,	4	,	'2023-10-02'	),
    (	35	,	8	,	15	,	5	,	'2023-10-02'	),
    (	36	,	8	,	16	,	6	,	'2023-10-02'	),
    (	37	,	9	,	17	,	7	,	'2023-10-02'	),
    (	38	,	9	,	18	,	8	,	'2023-10-02'	),
    (	39	,	10	,	19	,	9	,	'2023-10-02'	),
    (	40	,	10	,	20	,	10	,	'2023-10-02'	),
    (	41	,	1	,	1	,	1	,	'2023-10-03'	),
    (	42	,	1	,	2	,	2	,	'2023-10-03'	),
    (	43	,	2	,	3	,	3	,	'2023-10-03'	),
    (	44	,	2	,	4	,	4	,	'2023-10-03'	),
    (	45	,	3	,	5	,	5	,	'2023-10-03'	),
    (	46	,	3	,	6	,	6	,	'2023-10-03'	),
    (	47	,	4	,	7	,	7	,	'2023-10-03'	),
    (	48	,	4	,	8	,	8	,	'2023-10-03'	),
    (	49	,	5	,	9	,	9	,	'2023-10-03'	),
    (	50	,	5	,	10	,	10	,	'2023-10-03'	),
    (	51	,	6	,	11	,	1	,	'2023-10-03'	),
    (	52	,	6	,	12	,	2	,	'2023-10-03'	),
    (	53	,	7	,	13	,	3	,	'2023-10-03'	),
    (	54	,	7	,	14	,	4	,	'2023-10-03'	),
    (	55	,	8	,	15	,	5	,	'2023-10-03'	),
    (	56	,	8	,	16	,	6	,	'2023-10-03'	),
    (	57	,	9	,	17	,	7	,	'2023-10-03'	),
    (	58	,	9	,	18	,	8	,	'2023-10-03'	),
    (	59	,	10	,	19	,	9	,	'2023-10-03'	),
    (	60	,	10	,	20	,	10	,	'2023-10-03'	),
    (	61	,	1	,	1	,	1	,	'2023-10-04'	),
    (	62	,	1	,	2	,	2	,	'2023-10-04'	),
    (	63	,	2	,	3	,	3	,	'2023-10-04'	),
    (	64	,	2	,	4	,	4	,	'2023-10-04'	),
    (	65	,	3	,	5	,	5	,	'2023-10-04'	),
    (	66	,	3	,	6	,	6	,	'2023-10-04'	),
    (	67	,	4	,	7	,	7	,	'2023-10-04'	),
    (	68	,	4	,	8	,	8	,	'2023-10-04'	),
    (	69	,	5	,	9	,	9	,	'2023-10-04'	),
    (	70	,	5	,	10	,	10	,	'2023-10-04'	),
    (	71	,	6	,	11	,	1	,	'2023-10-04'	),
    (	72	,	6	,	12	,	2	,	'2023-10-04'	),
    (	73	,	7	,	13	,	3	,	'2023-10-04'	),
    (	74	,	7	,	14	,	4	,	'2023-10-04'	),
    (	75	,	8	,	15	,	5	,	'2023-10-04'	),
    (	76	,	8	,	16	,	6	,	'2023-10-04'	),
    (	77	,	9	,	17	,	7	,	'2023-10-04'	),
    (	78	,	9	,	18	,	8	,	'2023-10-04'	),
    (	79	,	10	,	19	,	9	,	'2023-10-04'	),
    (	80	,	10	,	20	,	10	,	'2023-10-04'	),
    (	81	,	1	,	1	,	1	,	'2023-10-06'	),
    (	82	,	1	,	2	,	2	,	'2023-10-06'	),
    (	83	,	2	,	3	,	3	,	'2023-10-06'	),
    (	84	,	2	,	4	,	4	,	'2023-10-06'	),
    (	85	,	3	,	5	,	5	,	'2023-10-06'	),
    (	86	,	3	,	6	,	6	,	'2023-10-06'	),
    (	87	,	4	,	7	,	7	,	'2023-10-06'	),
    (	88	,	4	,	8	,	8	,	'2023-10-06'	),
    (	89	,	5	,	9	,	9	,	'2023-10-06'	),
    (	90	,	5	,	10	,	10	,	'2023-10-06'	),
    (	91	,	6	,	11	,	1	,	'2023-10-06'	),
    (	92	,	6	,	12	,	2	,	'2023-10-06'	),
    (	93	,	7	,	13	,	3	,	'2023-10-06'	),
    (	94	,	7	,	14	,	4	,	'2023-10-06'	),
    (	95	,	8	,	15	,	5	,	'2023-10-06'	),
    (	96	,	8	,	16	,	6	,	'2023-10-06'	),
    (	97	,	9	,	17	,	7	,	'2023-10-06'	),
    (	98	,	9	,	18	,	8	,	'2023-10-06'	),
    (	99	,	10	,	19	,	9	,	'2023-10-06'	),
    (	100	,	10	,	20	,	10	,	'2023-10-06'	),
    (	101	,	1	,	1	,	1	,	'2023-10-07'	),
    (	102	,	1	,	2	,	2	,	'2023-10-07'	),
    (	103	,	2	,	3	,	3	,	'2023-10-07'	),
    (	104	,	2	,	4	,	4	,	'2023-10-07'	),
    (	105	,	3	,	5	,	5	,	'2023-10-07'	),
    (	106	,	3	,	6	,	6	,	'2023-10-07'	),
    (	107	,	4	,	7	,	7	,	'2023-10-07'	),
    (	108	,	4	,	8	,	8	,	'2023-10-07'	),
    (	109	,	5	,	9	,	9	,	'2023-10-07'	),
    (	110	,	5	,	10	,	10	,	'2023-10-07'	),
    (	111	,	6	,	11	,	1	,	'2023-10-07'	),
    (	112	,	6	,	12	,	2	,	'2023-10-07'	),
    (	113	,	7	,	13	,	3	,	'2023-10-07'	),
    (	114	,	7	,	14	,	4	,	'2023-10-07'	),
    (	115	,	8	,	15	,	5	,	'2023-10-07'	),
    (	116	,	8	,	16	,	6	,	'2023-10-07'	),
    (	117	,	9	,	17	,	7	,	'2023-10-07'	),
    (	118	,	9	,	18	,	8	,	'2023-10-07'	),
    (	119	,	10	,	19	,	9	,	'2023-10-07'	),
    (	120	,	10	,	20	,	10	,	'2023-10-07'	),
    (	121	,	1	,	1	,	1	,	'2023-10-08'	),
    (	122	,	1	,	2	,	2	,	'2023-10-08'	),
    (	123	,	2	,	3	,	3	,	'2023-10-08'	),
    (	124	,	2	,	4	,	4	,	'2023-10-08'	),
    (	125	,	3	,	5	,	5	,	'2023-10-08'	),
    (	126	,	3	,	6	,	6	,	'2023-10-08'	),
    (	127	,	4	,	7	,	7	,	'2023-10-08'	),
    (	128	,	4	,	8	,	8	,	'2023-10-08'	),
    (	129	,	5	,	9	,	9	,	'2023-10-08'	),
    (	130	,	5	,	10	,	10	,	'2023-10-08'	),
    (	131	,	6	,	11	,	1	,	'2023-10-08'	),
    (	132	,	6	,	12	,	2	,	'2023-10-08'	),
    (	133	,	7	,	13	,	3	,	'2023-10-08'	),
    (	134	,	7	,	14	,	4	,	'2023-10-08'	),
    (	135	,	8	,	15	,	5	,	'2023-10-08'	),
    (	136	,	8	,	16	,	6	,	'2023-10-08'	),
    (	137	,	9	,	17	,	7	,	'2023-10-08'	),
    (	138	,	9	,	18	,	8	,	'2023-10-08'	),
    (	139	,	10	,	19	,	9	,	'2023-10-08'	),
    (	140	,	10	,	20	,	10	,	'2023-10-08'	),
    (	141	,	1	,	1	,	1	,	'2023-10-09'	),
    (	142	,	1	,	2	,	2	,	'2023-10-09'	),
    (	143	,	2	,	3	,	3	,	'2023-10-09'	),
    (	144	,	2	,	4	,	4	,	'2023-10-09'	),
    (	145	,	3	,	5	,	5	,	'2023-10-09'	),
    (	146	,	3	,	6	,	6	,	'2023-10-09'	),
    (	147	,	4	,	7	,	7	,	'2023-10-09'	),
    (	148	,	4	,	8	,	8	,	'2023-10-09'	),
    (	149	,	5	,	9	,	9	,	'2023-10-09'	),
    (	150	,	5	,	10	,	10	,	'2023-10-09'	),
    (	151	,	6	,	11	,	1	,	'2023-10-09'	),
    (	152	,	6	,	12	,	2	,	'2023-10-09'	),
    (	153	,	7	,	13	,	3	,	'2023-10-09'	),
    (	154	,	7	,	14	,	4	,	'2023-10-09'	),
    (	155	,	8	,	15	,	5	,	'2023-10-09'	),
    (	156	,	8	,	16	,	6	,	'2023-10-09'	),
    (	157	,	9	,	17	,	7	,	'2023-10-09'	),
    (	158	,	9	,	18	,	8	,	'2023-10-09'	),
    (	159	,	10	,	19	,	9	,	'2023-10-09'	),
    (	160	,	10	,	20	,	10	,	'2023-10-09'	),
    (	161	,	1	,	1	,	1	,	'2023-10-10'	),
    (	162	,	1	,	2	,	2	,	'2023-10-10'	),
    (	163	,	2	,	3	,	3	,	'2023-10-10'	),
    (	164	,	2	,	4	,	4	,	'2023-10-10'	),
    (	165	,	3	,	5	,	5	,	'2023-10-10'	),
    (	166	,	3	,	6	,	6	,	'2023-10-10'	),
    (	167	,	4	,	7	,	7	,	'2023-10-10'	),
    (	168	,	4	,	8	,	8	,	'2023-10-10'	),
    (	169	,	5	,	9	,	9	,	'2023-10-10'	),
    (	170	,	5	,	10	,	10	,	'2023-10-10'	),
    (	171	,	6	,	11	,	1	,	'2023-10-10'	),
    (	172	,	6	,	12	,	2	,	'2023-10-10'	),
    (	173	,	7	,	13	,	3	,	'2023-10-10'	),
    (	174	,	7	,	14	,	4	,	'2023-10-10'	),
    (	175	,	8	,	15	,	5	,	'2023-10-10'	),
    (	176	,	8	,	16	,	6	,	'2023-10-10'	),
    (	177	,	9	,	17	,	7	,	'2023-10-10'	),
    (	178	,	9	,	18	,	8	,	'2023-10-10'	),
    (	179	,	10	,	19	,	9	,	'2023-10-10'	),
    (	180	,	10	,	20	,	10	,	'2023-10-10'	),
    (	181	,	1	,	1	,	1	,	'2023-10-11'	),
    (	182	,	1	,	2	,	2	,	'2023-10-11'	),
    (	183	,	2	,	3	,	3	,	'2023-10-11'	),
    (	184	,	2	,	4	,	4	,	'2023-10-11'	),
    (	185	,	3	,	5	,	5	,	'2023-10-11'	),
    (	186	,	3	,	6	,	6	,	'2023-10-11'	),
    (	187	,	4	,	7	,	7	,	'2023-10-11'	),
    (	188	,	4	,	8	,	8	,	'2023-10-11'	),
    (	189	,	5	,	9	,	9	,	'2023-10-11'	),
    (	190	,	5	,	10	,	10	,	'2023-10-11'	),
    (	191	,	6	,	11	,	1	,	'2023-10-11'	),
    (	192	,	6	,	12	,	2	,	'2023-10-11'	),
    (	193	,	7	,	13	,	3	,	'2023-10-11'	),
    (	194	,	7	,	14	,	4	,	'2023-10-11'	),
    (	195	,	8	,	15	,	5	,	'2023-10-11'	),
    (	196	,	8	,	16	,	6	,	'2023-10-11'	),
    (	197	,	9	,	17	,	7	,	'2023-10-11'	),
    (	198	,	9	,	18	,	8	,	'2023-10-11'	),
    (	199	,	10	,	19	,	9	,	'2023-10-11'	),
    (	200	,	10	,	20	,	10	,	'2023-10-11'	),
    (	201	,	1	,	1	,	1	,	'2023-10-12'	),
    (	202	,	1	,	2	,	2	,	'2023-10-12'	),
    (	203	,	2	,	3	,	3	,	'2023-10-12'	),
    (	204	,	2	,	4	,	4	,	'2023-10-12'	),
    (	205	,	3	,	5	,	5	,	'2023-10-12'	),
    (	206	,	3	,	6	,	6	,	'2023-10-12'	),
    (	207	,	4	,	7	,	7	,	'2023-10-12'	),
    (	208	,	4	,	8	,	8	,	'2023-10-12'	),
    (	209	,	5	,	9	,	9	,	'2023-10-12'	),
    (	210	,	5	,	10	,	10	,	'2023-10-12'	),
    (	211	,	6	,	11	,	1	,	'2023-10-12'	),
    (	212	,	6	,	12	,	2	,	'2023-10-12'	),
    (	213	,	7	,	13	,	3	,	'2023-10-12'	),
    (	214	,	7	,	14	,	4	,	'2023-10-12'	),
    (	215	,	8	,	15	,	5	,	'2023-10-12'	),
    (	216	,	8	,	16	,	6	,	'2023-10-12'	),
    (	217	,	9	,	17	,	7	,	'2023-10-12'	),
    (	218	,	9	,	18	,	8	,	'2023-10-12'	),
    (	219	,	10	,	19	,	9	,	'2023-10-12'	),
    (	220	,	10	,	20	,	10	,	'2023-10-12'	),
    (	221	,	1	,	1	,	1	,	'2023-10-13'	),
    (	222	,	1	,	2	,	2	,	'2023-10-13'	),
    (	223	,	2	,	3	,	3	,	'2023-10-13'	),
    (	224	,	2	,	4	,	4	,	'2023-10-13'	),
    (	225	,	3	,	5	,	5	,	'2023-10-13'	),
    (	226	,	3	,	6	,	6	,	'2023-10-13'	),
    (	227	,	4	,	7	,	7	,	'2023-10-13'	),
    (	228	,	4	,	8	,	8	,	'2023-10-13'	),
    (	229	,	5	,	9	,	9	,	'2023-10-13'	),
    (	230	,	5	,	10	,	10	,	'2023-10-13'	),
    (	231	,	6	,	11	,	1	,	'2023-10-13'	),
    (	232	,	6	,	12	,	2	,	'2023-10-13'	),
    (	233	,	7	,	13	,	3	,	'2023-10-13'	),
    (	234	,	7	,	14	,	4	,	'2023-10-13'	),
    (	235	,	8	,	15	,	5	,	'2023-10-13'	),
    (	236	,	8	,	16	,	6	,	'2023-10-13'	),
    (	237	,	9	,	17	,	7	,	'2023-10-13'	),
    (	238	,	9	,	18	,	8	,	'2023-10-13'	),
    (	239	,	10	,	19	,	9	,	'2023-10-13'	),
    (	240	,	10	,	20	,	10	,	'2023-10-13'	),
    (	241	,	1	,	1	,	1	,	'2023-10-14'	),
    (	242	,	1	,	2	,	2	,	'2023-10-14'	),
    (	243	,	2	,	3	,	3	,	'2023-10-14'	),
    (	244	,	2	,	4	,	4	,	'2023-10-14'	),
    (	245	,	3	,	5	,	5	,	'2023-10-14'	),
    (	246	,	3	,	6	,	6	,	'2023-10-14'	),
    (	247	,	4	,	7	,	7	,	'2023-10-14'	),
    (	248	,	4	,	8	,	8	,	'2023-10-14'	),
    (	249	,	5	,	9	,	9	,	'2023-10-14'	),
    (	250	,	5	,	10	,	10	,	'2023-10-14'	),
    (	251	,	6	,	11	,	1	,	'2023-10-14'	),
    (	252	,	6	,	12	,	2	,	'2023-10-14'	),
    (	253	,	7	,	13	,	3	,	'2023-10-14'	),
    (	254	,	7	,	14	,	4	,	'2023-10-14'	),
    (	255	,	8	,	15	,	5	,	'2023-10-14'	),
    (	256	,	8	,	16	,	6	,	'2023-10-14'	),
    (	257	,	9	,	17	,	7	,	'2023-10-14'	),
    (	258	,	9	,	18	,	8	,	'2023-10-14'	),
    (	259	,	10	,	19	,	9	,	'2023-10-14'	),
    (	260	,	10	,	20	,	10	,	'2023-10-14'	),
    (	261	,	1	,	1	,	1	,	'2023-10-15'	),
    (	262	,	1	,	2	,	2	,	'2023-10-15'	),
    (	263	,	2	,	3	,	3	,	'2023-10-15'	),
    (	264	,	2	,	4	,	4	,	'2023-10-15'	),
    (	265	,	3	,	5	,	5	,	'2023-10-15'	),
    (	266	,	3	,	6	,	6	,	'2023-10-15'	),
    (	267	,	4	,	7	,	7	,	'2023-10-15'	),
    (	268	,	4	,	8	,	8	,	'2023-10-15'	),
    (	269	,	5	,	9	,	9	,	'2023-10-15'	),
    (	270	,	5	,	10	,	10	,	'2023-10-15'	),
    (	271	,	6	,	11	,	1	,	'2023-10-15'	),
    (	272	,	6	,	12	,	2	,	'2023-10-15'	),
    (	273	,	7	,	13	,	3	,	'2023-10-15'	),
    (	274	,	7	,	14	,	4	,	'2023-10-15'	),
    (	275	,	8	,	15	,	5	,	'2023-10-15'	),
    (	276	,	8	,	16	,	6	,	'2023-10-15'	),
    (	277	,	9	,	17	,	7	,	'2023-10-15'	),
    (	278	,	9	,	18	,	8	,	'2023-10-15'	),
    (	279	,	10	,	19	,	9	,	'2023-10-15'	),
    (	280	,	10	,	20	,	10	,	'2023-10-15'	);


